﻿name,file name,features,targets,feature number,target number,sample size
AI4I,ai4i2020_encoded.csv,"Air temperature [K]','Process temperature [K]','Rotational speed [rpm]','Torque [Nm]','Tool wear [min]','Type_H','Type_L','Type_M'","'Machine failure','TWF','HDF','PWF','OSF','RNF'",6,6,10000
Auction,data_encoded.csv,"'process.b1.capacity','process.b2.capacity','process.b3.capacity','process.b4.capacity','property.price','property.product','property.winner'","'verification.result','verification.time'",7,2,2043
Bias,Bias_correction_ucl_cleaned.csv,"Present_Tmax','Present_Tmin','LDAPS_RHmin','LDAPS_RHmax','LDAPS_Tmax_lapse','LDAPS_Tmin_lapse','LDAPS_WS','LDAPS_LH','LDAPS_CC1','LDAPS_CC2','LDAPS_CC3','LDAPS_CC4','LDAPS_PPT1','LDAPS_PPT2','LDAPS_PPT3','LDAPS_PPT4','lat','lon','DEM','Slope','Solar radiation'","'Next_Tmax','Next_Tmin'",21,2,7588
Electrical,Data_for_UCI_named_encoded.csv,"'tau1','tau2','tau3','tau4','p1','p2','p3','p4','g1','g2','g3','g4'","'stab','stabf'",12,2,10000
Parkinsons,parkinsons.csv,"age','sex','test_time','Jitter(%)','Jitter(Abs)','Jitter:RAP','Jitter:PPQ5','Jitter:DDP','Shimmer','Shimmer(dB)','Shimmer:APQ3','Shimmer:APQ5','Shimmer:APQ11','Shimmer:DDA','NHR','HNR','RPDE','DFA','PPE'","'motor_UPDRS','total_UPDRS'",19,2,5875
SF1,sf1_encoded.csv,"'activity','evolution','previous_day_activity','hist_complex','become_hist_complex','area','area_largest','mod_zurich_class_B','mod_zurich_class_C','mod_zurich_class_D','mod_zurich_class_E','mod_zurich_class_F','mod_zurich_class_H','largest_spot_size_ A','largest_spot_size_ H','largest_spot_size_ K','largest_spot_size_ R','largest_spot_size_ S','largest_spot_size_ X','spot_distribution_ C','spot_distribution_ I','spot_distribution_ O','spot_distribution_ X'","'c-class','m-class','x-class'",10,3,323
SF2,sf2_encoded.csv,"'activity','evolution','previous_day_activity','hist_complex','become_hist_complex','area','area_largest','mod_zurich_class_B','mod_zurich_class_C','mod_zurich_class_D','mod_zurich_class_E','mod_zurich_class_F','mod_zurich_class_H','largest_spot_size_ A','largest_spot_size_ H','largest_spot_size_ K','largest_spot_size_ R','largest_spot_size_ S','largest_spot_size_ X','spot_distribution_ C','spot_distribution_ I','spot_distribution_ O','spot_distribution_ X'","'c-class','m-class','x-class'",10,3,1066
ENB,ENB2012_data.csv,"'X1','X2','X3','X4','X5','X6','X7','X8'","'Y1','Y2'",8,2,768
Andro,andro.csv,"Window0-Att0','Window0-Att1','Window0-Att2','Window0-Att3','Window0-Att4','Window0-Att5','Window1-Att0','Window1-Att1','Window1-Att2','Window1-Att3','Window1-Att4','Window1-Att5','Window2-Att0','Window2-Att1','Window2-Att2','Window2-Att3','Window2-Att4','Window2-Att5','Window3-Att0','Window3-Att1','Window3-Att2','Window3-Att3','Window3-Att4','Window3-Att5','Window4-Att0','Window4-Att1','Window4-Att2','Window4-Att3','Window4-Att4','Window4-Att5'","'Target','Target_2','Target_3','Target_4','Target_5','Target_6'",30,6,49
Jura,jura.csv,"'Xloc','Yloc','Landuse=1','Landuse=2','Landuse=3','Landuse=4','Rock=1','Rock=2','Rock=3','Rock=4','Rock=5','Cr','Ni','Pb','Zn'","'Cd','Co','Cu'",15,3,359
RFP,rf1_cleaned.csv,"CHSI2_6','NASI2_6','EADM7_6','SCLM7_6','CLKM7_6','VALI2_6','NAPM7_6','DLDI4_6','CHSI2_12','NASI2_12','EADM7_12','SCLM7_12','CLKM7_12','VALI2_12','NAPM7_12','DLDI4_12','CHSI2_18','NASI2_18','EADM7_18','SCLM7_18','CLKM7_18','VALI2_18','NAPM7_18','DLDI4_18','CHSI2_24','NASI2_24','EADM7_24','SCLM7_24','CLKM7_24','VALI2_24','NAPM7_24','DLDI4_24','CHSI2_36','NASI2_36','EADM7_36','SCLM7_36','CLKM7_36','VALI2_36','NAPM7_36','DLDI4_36','CHSI2_48','NASI2_48','EADM7_48','SCLM7_48','CLKM7_48','VALI2_48','NAPM7_48','DLDI4_48','CHSI2_60','NASI2_60','EADM7_60','SCLM7_60','CLKM7_60','VALI2_60','NAPM7_60','DLDI4_60','CHSI2_48H','NASI2_48H','EADM7_48H','SCLM7_48H','CLKM7_48H','VALI2_48H','NAPM7_48H','DLDI4_48H'","CHSI2_0','NASI2_0','EADM7_0','SCLM7_0','CLKM7_0','VALI2_0','NAPM7_0','DLDI4_0'",64,8,9065
SCM,scm20d.csv,"'timeunit','storageCost','interestRate','compidx0lt2','compidx4lt2','compidx6lt2','compidx8lt2','compidx10lt2','compidx12lt2','compidx14lt2','compidx0lt6','compidx4lt6','compidx6lt6','compidx8lt6','compidx10lt6','compidx12lt6','compidx14lt6','compidx0lt10','compidx4lt10','compidx6lt10','compidx8lt10','compidx10lt10','compidx12lt10','compidx14lt10','compidx0lt20','compidx4lt20','compidx6lt20','compidx8lt20','compidx10lt20','compidx12lt20','compidx14lt20','compidx0lt30','compidx4lt30','compidx6lt30','compidx8lt30','compidx10lt30','compidx12lt30','compidx14lt30','sku1','sku10','sku11','sku12','sku13','sku14','sku15','sku16','demandseg1','demandseg1l1','demandseg1l2','demandseg1l4','demandseg1l8','demandseg2','demandseg2l1','demandseg2l2','demandseg2l4','demandseg2l8','demandseg3','demandseg3l1','demandseg3l2','demandseg3l4','demandseg3l8'","'LBL','MTLp2A','MTLp3A','MTLp4A','MTLp5A','MTLp6A','MTLp7A','MTLp8A','MTLp9A','MTLp10A','MTLp11A','MTLp12A','MTLp13A','MTLp14A','MTLp15A','MTLp16A'",61,16,8966
WQ,wq.csv,"'std_temp','std_pH','conduct','o2','o2sat','co2','hardness','no2','no3','nh4','po4','cl','sio2','kmno4','k2cr2o7','bod'","'25400','29600','30400','33400','17300','19400','34500','38100','49700','50390','55800','57500','59300','37880'",16,14,1060
SF1,CompleteOriginalInformation_2015_2019.csv,"Age','Gross_Tonnage','Length','Depth','Beam','is_bulk_carrier','is_container_ship','is_general_cargo_multipurpose','is_passenger_ship','is_tanker','is_other','Number_of_Times_of_Changing_Flag','Total_Detention_Times','Casualties_in_Last_Five_Years','Ship_Flag_Performance','Ship_RO_Performance','Ship_Company_Performance','Last_Deficiency_Number'","'Def_01','Def_02','Def_03','Def_04','Def_05','Def_06','Def_07','Def_08','Def_09','Def_10','Def_11','Def_12','Def_13','Def_14','Def_15','Def_18'",13,16,3026
SF2,CompleteOriginalInformation_2015_2019.csv,"Age','Gross_Tonnage','Length','Depth','Beam','is_bulk_carrier','is_container_ship','is_general_cargo_multipurpose','is_passenger_ship','is_tanker','is_other','Number_of_Times_of_Changing_Flag','Total_Detention_Times','Casualties_in_Last_Five_Years','Ship_Flag_Performance','Ship_RO_Performance','Ship_Company_Performance','Last_Deficiency_Number'","'C1_num','C2_num','C3_num','C4_num'",13,4,3026